{"cameraMode":{"drawMode":0,"name":"Shaded","section":"Shading Mode"},"sceneLighting":false,"audioPlay":false,"sceneViewState":{"m_AlwaysRefresh":false,"showFog":true,"showSkybox":false,"showFlares":true,"showImageEffects":true,"showParticleSystems":true,"showVisualEffectGraphs":true,"m_FxEnabled":true},"in2DMode":false,"pivot":{"x":-0.0012366771697998047,"y":2.3527464866638185,"z":-0.2625654637813568},"rotation":{"x":0.019478756934404374,"y":-0.9793148040771484,"z":0.1154111921787262,"w":0.16519059240818025},"size":3.8153462409973146,"orthographic":false}