{"cameraMode":{"drawMode":0,"name":"Shaded","section":"Shading Mode"},"sceneLighting":true,"audioPlay":false,"sceneViewState":{"m_AlwaysRefresh":false,"showFog":true,"showSkybox":true,"showFlares":true,"showImageEffects":true,"showParticleSystems":true,"showVisualEffectGraphs":true,"m_FxEnabled":true},"in2DMode":false,"pivot":{"x":-7.502409934997559,"y":-3.8485398292541506,"z":1.9458539485931397},"rotation":{"x":-0.10586893558502197,"y":0.8593956232070923,"z":-0.45928192138671877,"w":-0.19805726408958436},"size":76.84835815429688,"orthographic":false}